frame_id,timestamp,has_detection,bbox_cx,bbox_cy,bbox_w,bbox_h,det_confidence,z_mono,z_stereo,disparity,stereo_conf,depth_method,obs_x,obs_y,obs_z
0,18302.991649,1,1030.95,479.19,67.97,71.88,0.9353,1.8766,2.3458,37.1992,0.4088,2,0.1623,-0.3286,2.2968
1,18303.012074,1,1030.77,479.52,67.97,72.53,0.9358,1.8766,2.3354,37.3653,0.3452,2,0.1642,-0.3326,2.3319
1,18303.012074,1,1809.22,1060.03,222.69,268.94,0.5224,0.8669,-1.0000,142.9238,0.0000,0,0.9892,0.5685,0.8669
2,18303.036443,1,1030.66,478.88,68.06,71.69,0.9358,1.8740,2.3228,37.5687,0.3605,2,0.1632,-0.3334,2.3230
3,18303.054660,1,1030.72,478.77,67.94,70.84,0.9349,1.8775,2.2916,38.0792,0.4781,2,0.1617,-0.3302,2.2982
4,18303.070665,1,1030.66,479.30,68.11,71.47,0.9344,1.8727,2.3248,37.5353,0.4059,2,0.1633,-0.3321,2.3235
5,18303.086523,1,1030.91,479.28,67.98,71.75,0.9344,1.8762,2.2838,38.2088,0.5210,2,0.1618,-0.3275,2.2908
6,18303.102132,1,1030.61,479.20,67.97,71.34,0.9358,1.8766,2.3160,37.6781,0.3920,2,0.1626,-0.3314,2.3165
7,18303.118238,1,1030.62,479.05,68.25,71.22,0.9358,1.8688,2.3099,37.7783,0.3759,2,0.1622,-0.3310,2.3101
8,18303.134132,1,1030.93,479.09,68.08,71.62,0.9344,1.8736,2.2921,38.0711,0.4612,2,0.1622,-0.3289,2.2964
9,18303.149708,1,1030.64,479.12,68.28,71.50,0.9363,1.8680,2.3223,37.5765,0.4066,2,0.1630,-0.3321,2.3197
10,18303.173583,1,1030.50,479.02,67.81,71.97,0.9372,1.8809,2.3280,37.4838,0.3780,2,0.1631,-0.3336,2.3276
11,18303.190675,1,1030.92,478.98,67.97,71.11,0.9339,1.8766,2.2925,38.0651,0.4357,2,0.1623,-0.3295,2.2979
12,18303.206436,1,1030.56,478.95,68.19,70.91,0.9372,1.8705,2.3147,37.6997,0.3908,2,0.1623,-0.3319,2.3145
13,18303.222286,1,1030.36,479.36,67.91,71.78,0.9395,1.8783,2.3235,37.5574,0.3729,2,0.1623,-0.3319,2.3235
14,18303.238146,1,1030.61,479.16,68.28,71.50,0.9363,1.8680,2.3008,37.9271,0.4646,2,0.1617,-0.3296,2.3030
15,18303.253912,1,1030.44,479.03,67.81,71.31,0.9386,1.8809,2.3145,37.7029,0.4076,2,0.1621,-0.3320,2.3167
16,18303.269722,1,1030.17,479.19,67.78,71.88,0.9404,1.8817,2.3187,37.6339,0.4069,2,0.1615,-0.3320,2.3206
17,18303.285622,1,1030.53,479.42,68.19,72.16,0.9368,1.8705,2.2845,38.1986,0.4900,2,0.1605,-0.3269,2.2901
18,18303.301408,1,1030.41,478.97,68.19,71.38,0.9386,1.8705,2.3093,37.7870,0.4135,2,0.1615,-0.3312,2.3099
19,18303.317254,1,1029.99,478.95,67.98,71.84,0.9412,1.8760,2.3451,37.2108,0.3987,2,0.1623,-0.3356,2.3406
20,18303.333813,1,1030.45,478.88,67.97,71.19,0.9377,1.8765,2.2819,38.2410,0.4838,2,0.1602,-0.3286,2.2894
21,18303.349738,1,1030.08,478.88,68.34,71.19,0.9408,1.8662,2.2930,38.0560,0.4160,2,0.1595,-0.3294,2.2956
22,18303.368722,1,1030.09,479.03,67.73,72.38,0.9408,1.8830,2.3719,36.7909,0.3598,2,0.1643,-0.3387,2.3639
23,18303.384853,1,1030.20,479.00,68.59,71.56,0.9390,1.8594,2.2261,39.1992,0.5835,2,0.1560,-0.3211,2.2400
24,18303.401258,1,1030.20,478.91,68.22,71.94,0.9404,1.8696,2.3312,37.4325,0.4109,2,0.1621,-0.3338,2.3268
25,18303.417527,1,1029.92,478.91,68.16,72.50,0.9421,1.8713,2.3044,37.8676,0.4092,2,0.1597,-0.3308,2.3057
26,18303.433394,1,1030.55,478.97,67.97,71.75,0.9372,1.8766,2.2876,38.1457,0.4636,2,0.1608,-0.3288,2.2930
27,18303.450846,1,1030.19,478.62,68.44,71.25,0.9395,1.8636,2.3021,37.9058,0.4069,2,0.1603,-0.3311,2.3018
28,18303.467206,1,1029.95,478.89,67.95,72.34,0.9412,1.8769,2.3438,37.2308,0.4051,2,0.1621,-0.3356,2.3390
29,18303.484750,1,1030.42,478.91,68.22,72.25,0.9381,1.8697,2.3002,37.9366,0.4380,2,0.1611,-0.3303,2.3024
30,18303.500859,1,1029.97,478.78,68.12,71.38,0.9417,1.8722,2.2901,38.1046,0.4240,2,0.1591,-0.3296,2.2944
31,18303.517567,1,1029.77,479.02,68.09,72.47,0.9412,1.8730,2.3351,37.3699,0.4195,2,0.1610,-0.3341,2.3314
32,18303.533011,1,1030.38,479.16,67.94,71.62,0.9390,1.8774,2.2870,38.1556,0.4437,2,0.1603,-0.3282,2.2933
33,18303.550822,1,1029.94,479.30,68.31,72.03,0.9408,1.8670,2.3075,37.8174,0.4317,2,0.1599,-0.3298,2.3076
34,18303.566322,1,1029.73,478.88,67.97,72.06,0.9408,1.8764,2.3401,37.2910,0.4094,2,0.1612,-0.3353,2.3365
35,18303.584160,1,1030.17,479.23,68.16,72.22,0.9404,1.8713,2.2737,38.3796,0.5143,2,0.1588,-0.3263,2.2813
36,18303.598585,1,1029.92,478.91,68.47,71.81,0.9417,1.8627,2.2997,37.9456,0.4328,2,0.1593,-0.3300,2.3002
37,18303.617563,1,1029.83,478.89,67.84,72.22,0.9408,1.8799,2.3553,37.0501,0.4247,2,0.1624,-0.3371,2.3496
38,18303.632891,1,1030.52,478.47,68.34,70.94,0.9358,1.8663,2.2554,38.6906,0.4880,2,0.1587,-0.3264,2.2653
39,18303.650845,1,1029.94,478.94,68.44,72.56,0.9421,1.8636,2.3243,37.5438,0.4276,2,0.1608,-0.3328,2.3204
40,18303.668189,1,1029.84,478.86,67.94,72.28,0.9417,1.8773,2.3421,37.2576,0.4151,2,0.1617,-0.3356,2.3385
41,18303.683991,1,1030.66,478.69,67.75,71.50,0.9363,1.8826,2.2687,38.4645,0.5145,2,0.1602,-0.3277,2.2797
42,18303.700038,1,1030.08,478.48,67.91,71.66,0.9408,1.8782,2.3323,37.4145,0.3765,2,0.1619,-0.3357,2.3305
43,18303.717655,1,1029.89,479.06,68.09,72.50,0.9412,1.8730,2.3383,37.3186,0.4200,2,0.1616,-0.3345,2.3349
44,18303.733016,1,1030.34,478.88,68.00,72.06,0.9395,1.8757,2.2965,37.9980,0.4582,2,0.1607,-0.3303,2.3015
45,18303.750862,1,1029.91,478.45,68.06,71.53,0.9421,1.8739,2.3463,37.1918,0.3900,2,0.1622,-0.3374,2.3419
46,18303.768367,1,1029.79,478.73,67.89,72.22,0.9412,1.8786,2.3294,37.4620,0.4031,2,0.1609,-0.3348,2.3297
47,18303.784208,1,1030.08,478.67,68.16,71.28,0.9408,1.8713,2.2648,38.5300,0.4937,2,0.1580,-0.3271,2.2749
48,18303.801777,1,1029.95,478.52,67.58,71.41,0.9412,1.8873,2.3530,37.0851,0.3977,2,0.1628,-0.3384,2.3501
49,18303.816334,1,1029.93,478.50,67.92,71.81,0.9412,1.8777,2.3361,37.3539,0.4168,2,0.1617,-0.3363,2.3350
50,18303.833368,1,1030.28,478.38,67.88,71.31,0.9386,1.8791,2.2903,38.1016,0.4596,2,0.1603,-0.3313,2.2977
51,18303.849490,1,1030.12,478.27,67.81,71.16,0.9395,1.8808,2.3115,37.7510,0.3729,2,0.1610,-0.3342,2.3150
52,18303.869424,1,1029.91,478.58,67.62,72.22,0.9412,1.8860,2.3511,37.1157,0.3711,2,0.1626,-0.3380,2.3487
53,18303.884088,1,1030.39,477.89,67.91,70.34,0.9363,1.8783,2.2509,38.7677,0.4951,2,0.1583,-0.3281,2.2648
54,18303.903486,1,1029.99,478.39,67.61,71.22,0.9404,1.8864,2.3511,37.1152,0.3499,2,0.1628,-0.3385,2.3479
55,18303.920462,1,1029.92,478.20,67.72,71.66,0.9408,1.8834,2.3563,37.0334,0.3469,2,0.1629,-0.3398,2.3525
56,18303.936249,1,1030.34,477.97,67.88,70.88,0.9377,1.8791,2.2586,38.6350,0.5246,2,0.1586,-0.3288,2.2715
57,18303.952086,1,1030.12,477.95,68.12,71.28,0.9381,1.8722,2.3185,37.6369,0.3520,2,0.1612,-0.3356,2.3182
58,18303.970726,1,1029.95,478.00,68.16,71.38,0.9390,1.8713,2.2806,38.2625,0.3892,2,0.1585,-0.3309,2.2868
59,18303.987625,1,1030.41,477.17,67.75,69.66,0.9358,1.8826,2.2132,39.4284,0.5849,2,0.1561,-0.3257,2.2328
60,18304.003491,1,1029.99,477.28,67.80,70.38,0.9381,1.8812,2.3344,37.3814,0.3368,2,0.1616,-0.3395,2.3303
61,18304.019358,1,1029.68,477.03,68.23,71.19,0.9395,1.8691,2.3312,37.4327,0.3955,2,0.1603,-0.3397,2.3260
62,18304.035136,1,1030.16,475.94,68.25,69.12,0.9363,1.8688,2.2424,38.9150,0.5225,2,0.1568,-0.3325,2.2535
63,18304.050833,1,1029.84,476.55,68.05,71.41,0.9386,1.8743,2.3245,37.5409,0.4161,2,0.1605,-0.3405,2.3210
64,18304.067470,1,1029.83,476.55,68.34,70.97,0.9404,1.8661,2.2930,38.0562,0.4336,2,0.1586,-0.3366,2.2940
65,18304.082735,1,1030.14,475.06,68.22,68.94,0.9358,1.8696,2.2606,38.6012,0.4415,2,0.1578,-0.3374,2.2681
66,18304.099483,1,1029.58,475.52,68.53,70.59,0.9372,1.8610,2.3285,37.4762,0.3765,2,0.1597,-0.3439,2.3213
67,18304.117322,1,1029.59,475.69,68.11,71.31,0.9386,1.8725,2.3129,37.7288,0.3719,2,0.1591,-0.3419,2.3118
68,18304.132952,1,1030.02,474.80,68.22,68.84,0.9358,1.8696,2.1862,39.9152,0.6487,2,0.1532,-0.3292,2.2073
69,18304.149950,1,1029.36,475.80,68.22,70.84,0.9381,1.8695,2.3206,37.6035,0.3923,2,0.1586,-0.3421,2.3156
70,18304.167781,1,1029.36,475.44,68.34,70.56,0.9381,1.8661,2.3165,37.6700,0.3755,2,0.1584,-0.3428,2.3124
71,18304.186192,1,1029.71,474.48,68.36,69.34,0.9372,1.8657,2.2082,39.5175,0.5671,2,0.1534,-0.3326,2.2241
72,18304.202197,1,1029.12,474.98,68.38,72.16,0.9395,1.8652,2.3056,37.8477,0.4088,2,0.1569,-0.3427,2.3023
73,18304.218091,1,1029.05,474.52,68.61,71.28,0.9395,1.8588,2.3044,37.8677,0.4005,2,0.1566,-0.3440,2.3007
74,18304.234049,1,1029.62,473.77,68.17,69.67,0.9372,1.8708,2.2239,39.2389,0.5671,2,0.1541,-0.3368,2.2378
75,18304.251085,1,1028.77,473.94,68.41,71.38,0.9363,1.8642,2.3332,37.3998,0.3712,2,0.1573,-0.3494,2.3249
76,18304.267837,1,1028.80,473.38,68.47,70.64,0.9368,1.8625,2.2984,37.9674,0.4166,2,0.1556,-0.3470,2.2973
77,18304.283834,1,1029.01,473.16,68.77,70.25,0.9404,1.8545,2.2063,39.5524,0.5567,2,0.1510,-0.3361,2.2202
78,18304.301545,1,1028.73,472.45,68.17,71.27,0.9372,1.8706,2.3257,37.5216,0.3864,2,0.1569,-0.3535,2.3202
79,18304.316928,1,1028.81,470.65,68.12,69.67,0.9395,1.8719,2.3050,37.8588,0.3913,2,0.1561,-0.3568,2.3048
80,18304.333085,1,1029.25,470.06,68.06,70.31,0.9395,1.8737,2.2234,39.2467,0.5376,2,0.1530,-0.3484,2.2387
81,18304.351135,1,1028.84,468.21,68.33,70.55,0.9412,1.8664,2.3048,37.8619,0.4189,2,0.1561,-0.3643,2.3029
82,18304.367725,1,1028.70,467.18,68.36,71.11,0.9377,1.8655,2.3026,37.8981,0.4190,2,0.1555,-0.3673,2.3016
83,18304.384430,1,1029.61,465.08,68.16,70.03,0.9363,1.8712,2.2133,39.4266,0.5335,2,0.1535,-0.3623,2.2299
84,18304.402054,1,1030.03,462.75,66.56,70.62,0.9390,1.9161,2.3192,37.6265,0.3687,2,0.1614,-0.3853,2.3254
85,18304.417983,1,1030.40,460.84,66.67,70.38,0.9377,1.9130,2.3188,37.6326,0.3678,2,0.1626,-0.3914,2.3257
86,18304.433145,1,1030.84,458.77,67.00,70.66,0.9339,1.9037,2.2913,38.0838,0.4213,2,0.1624,-0.3940,2.3021
87,18304.450964,1,1031.25,456.38,67.56,72.00,0.9377,1.8880,2.3050,37.8589,0.4364,2,0.1642,-0.4030,2.3102
88,18304.466001,1,1031.71,455.62,67.83,72.12,0.9353,1.8807,2.2972,37.9864,0.4325,2,0.1651,-0.4041,2.3025
89,18304.484332,1,1032.66,454.85,68.25,70.64,0.9310,1.8692,2.2716,38.4150,0.4656,2,0.1664,-0.4024,2.2790
90,18304.499458,1,1033.78,455.30,67.44,71.84,0.9334,1.8919,2.2948,38.0262,0.4875,2,0.1717,-0.4051,2.3025
91,18304.517438,1,1035.20,455.25,67.09,70.12,0.9325,1.9019,2.3149,37.6956,0.4929,2,0.1776,-0.4086,2.3214
92,18304.532750,1,1036.37,457.04,67.64,69.54,0.9325,1.8868,2.2684,38.4697,0.4874,2,0.1781,-0.3957,2.2801
93,18304.550447,1,1037.33,460.04,67.27,68.34,0.9315,1.8973,2.3388,37.3111,0.4228,2,0.1859,-0.3964,2.3400
94,18304.570850,1,1037.84,463.16,68.19,69.70,0.9339,1.8719,2.3465,37.1879,0.4846,2,0.1877,-0.3867,2.3420
95,18304.584282,1,1039.35,467.09,67.73,68.25,0.9363,1.8848,2.3083,37.8036,0.5992,2,0.1903,-0.3696,2.3139
96,18304.600093,1,1039.88,472.52,69.12,69.53,0.9344,1.8470,2.3794,36.6737,0.5491,2,0.1961,-0.3600,2.3647
97,18304.617159,1,1040.69,478.86,70.06,69.91,0.9358,1.8224,2.3592,36.9884,0.6227,2,0.1971,-0.3364,2.3440
98,18304.632856,1,1042.09,486.20,68.77,70.47,0.9381,1.8571,2.3248,37.5355,0.6050,2,0.1998,-0.3100,2.3231
99,18304.650244,1,1043.46,493.47,68.08,69.44,0.9315,1.8762,2.3025,37.8993,0.7209,2,0.2029,-0.2849,2.3084
100,18304.668232,1,1044.29,500.38,67.70,66.05,0.9377,1.8867,2.3106,37.7661,0.5297,2,0.2062,-0.2640,2.3167
101,18304.683750,1,1045.42,511.23,68.41,67.41,0.9353,1.8676,2.3124,37.7375,0.6139,2,0.2096,-0.2291,2.3138
102,18304.704685,1,1045.89,522.05,68.22,67.27,0.9334,1.8728,2.2626,38.5673,0.8135,2,0.2074,-0.1912,2.2733
103,18304.719644,1,1046.34,533.28,66.12,66.76,0.9334,1.9323,2.2861,38.1707,0.6692,2,0.2116,-0.1583,2.3041
104,18304.735397,1,1050.25,546.57,67.88,67.48,0.9399,1.8834,2.2486,38.8080,0.5287,2,0.2199,-0.1140,2.2623
105,18304.751186,1,1050.11,558.75,66.91,67.94,0.9299,1.9106,2.1964,39.7291,0.7977,2,0.2140,-0.0742,2.2054
106,18304.767707,1,1050.27,574.75,67.78,69.94,0.9315,1.8860,2.2990,37.9565,0.3228,2,0.2218,-0.0266,2.2811
107,18304.783820,1,1053.01,589.36,69.17,73.16,0.9363,1.8488,2.2787,38.2957,0.7108,2,0.2279,0.0191,2.2562
108,18304.799597,1,1053.02,603.38,68.45,72.73,0.9334,1.8682,2.2938,38.0435,0.1694,2,0.2296,0.0630,2.2721
109,18304.817298,1,1053.59,619.59,66.45,70.62,0.9305,1.9246,2.3190,37.6290,0.0818,0,0.1959,0.0963,1.9246
110,18304.833163,1,1053.75,637.65,65.81,72.27,0.9284,1.9433,2.3801,36.6642,0.5694,2,0.2404,0.1764,2.3565
111,18304.850480,1,1054.52,654.60,66.28,67.98,0.9263,1.9298,2.3528,37.0892,0.6941,2,0.2407,0.2293,2.3350
112,18304.868223,1,1057.86,673.80,68.53,72.97,0.9329,1.8673,2.1430,40.7202,0.7319,2,0.2300,0.2661,2.1355
113,18304.884228,1,1060.02,694.65,68.27,71.61,0.9339,1.8752,2.2665,38.5006,0.6541,2,0.2471,0.3422,2.2330
114,18304.901591,1,1060.83,715.86,64.41,72.34,0.9236,1.9878,2.3776,36.7014,0.7081,2,0.2623,0.4281,2.3467
115,18304.919961,1,1061.69,737.28,64.75,71.25,0.9299,1.9775,2.3671,36.8653,0.1362,2,0.2641,0.4955,2.3383
116,18304.936958,1,1063.69,761.55,68.00,73.78,0.9377,1.8836,2.2486,38.8077,0.6322,2,0.2573,0.5455,2.2241
117,18304.952859,1,1065.89,786.21,70.72,75.48,0.9294,1.8118,2.3384,37.3180,0.8886,2,0.2706,0.6363,2.2792
118,18304.968668,1,1066.34,806.95,69.92,74.80,0.9349,1.8326,2.2800,38.2727,0.5069,2,0.2670,0.6885,2.2373
119,18304.984542,1,1067.88,836.16,67.25,76.44,0.9294,1.9059,2.2991,37.9547,0.5343,2,0.2755,0.7891,2.2682
120,18305.001855,1,1068.22,832.73,67.50,77.27,0.9315,1.8989,2.2509,38.7672,0.6086,2,0.2717,0.7646,2.2281
121,18305.017900,1,1068.21,809.53,68.80,76.25,0.9329,1.8631,2.3211,37.5961,0.5591,2,0.2774,0.7083,2.2756
122,18305.032695,1,1068.33,792.02,69.72,73.34,0.9339,1.8385,2.2501,38.7812,0.4666,2,0.2702,0.6356,2.2131
123,18305.050947,1,1068.35,776.02,69.92,74.02,0.9353,1.8332,2.2017,39.6340,0.7647,2,0.2654,0.5763,2.1731
124,18305.066135,1,1067.91,757.96,67.88,71.27,0.9329,1.8883,2.2046,39.5826,0.6214,2,0.2658,0.5258,2.1876
125,18305.080836,1,1067.25,739.73,66.25,68.27,0.9325,1.9344,2.2575,38.6544,0.5571,2,0.2702,0.4823,2.2403
126,18305.096535,1,1067.45,726.15,65.48,70.17,0.9263,1.9571,2.2471,38.8330,0.4974,2,0.2684,0.4365,2.2205
127,18305.117829,1,1067.31,710.55,64.62,72.98,0.9274,1.9831,2.4478,35.6495,0.5251,2,0.2879,0.4178,2.3852
128,18305.133743,1,1067.20,698.32,67.04,70.36,0.9390,1.9117,2.3495,37.1417,0.5781,2,0.2762,0.3627,2.2911
129,18305.151276,1,1066.80,686.30,65.59,70.59,0.9344,1.9537,2.3655,36.8893,0.5219,2,0.2775,0.3280,2.3132
130,18305.168636,1,1067.59,674.37,67.62,70.98,0.9339,1.8952,2.3190,37.6298,0.6142,2,0.2740,0.2837,2.2631
131,18305.186120,1,1066.77,663.90,65.84,69.95,0.9358,1.9462,2.3057,37.8469,0.6497,2,0.2715,0.2512,2.2640
132,18305.202905,1,1066.05,651.54,64.71,62.98,0.9236,1.9801,2.2570,38.6631,0.8014,2,0.2639,0.2085,2.2185
133,18305.218775,1,1066.16,642.03,63.30,61.38,0.9219,2.0243,2.4168,36.1061,0.8859,2,0.2804,0.1904,2.3538
134,18305.234673,1,1066.32,636.89,65.54,67.03,0.9268,1.9551,2.3056,37.8478,0.8337,2,0.2686,0.1662,2.2508
135,18305.251188,1,1066.31,628.81,64.00,66.38,0.9284,2.0021,2.3849,36.5892,0.7032,2,0.2772,0.1457,2.3236
136,18305.267771,1,1067.05,623.05,64.78,66.22,0.9294,1.9782,2.2826,38.2289,0.8651,2,0.2693,0.1226,2.2379
137,18305.283992,1,1067.06,618.10,64.62,65.61,0.9279,1.9830,2.2942,38.0369,0.8581,2,0.2705,0.1079,2.2480
138,18305.300487,1,1067.02,613.73,64.72,66.77,0.9274,1.9801,2.2266,39.1912,0.9794,2,0.2625,0.0916,2.1822
139,18305.316969,1,1067.77,611.76,65.28,68.17,0.9353,1.9633,2.1809,40.0126,0.8075,2,0.2587,0.0837,2.1328
140,18305.333088,1,1068.53,609.52,66.25,68.34,0.9358,1.9349,2.1673,40.2639,0.8145,2,0.2577,0.0762,2.1057
141,18305.349049,1,1068.36,608.81,65.78,70.06,0.9329,1.9486,2.1211,41.1401,0.8679,2,0.2524,0.0728,2.0666
142,18305.367208,1,1068.80,607.30,66.08,68.91,0.9325,1.9400,2.1497,40.5924,0.8583,2,0.2551,0.0688,2.0785
143,18305.383297,1,1069.28,607.06,66.12,68.38,0.9320,1.9388,2.1253,41.0583,0.6614,2,0.2534,0.0673,2.0532
144,18305.400775,1,1069.02,608.23,65.16,69.22,0.9315,1.9675,2.2396,38.9644,0.7607,2,0.2628,0.0735,2.1363
145,18305.417470,1,1069.16,609.81,65.17,69.75,0.9339,1.9671,2.2080,39.5209,0.7876,2,0.2594,0.0770,2.1045
146,18305.433164,1,1068.66,610.40,65.55,68.14,0.9390,1.9556,2.2066,39.5459,0.9165,2,0.2565,0.0783,2.0929
147,18305.450610,1,1067.41,610.52,64.23,67.83,0.9353,1.9952,2.2279,39.1682,0.8030,2,0.2551,0.0793,2.1112
148,18305.465801,1,1067.80,608.47,64.66,67.62,0.9315,1.9823,2.2139,39.4156,0.7844,2,0.2538,0.0727,2.0917
149,18305.483818,1,1067.42,605.62,64.72,64.25,0.9289,1.9803,2.2969,37.9910,0.7117,2,0.2601,0.0664,2.1527
150,18305.501093,1,1066.14,602.69,63.78,65.38,0.9284,2.0090,2.2868,38.1595,0.8560,2,0.2553,0.0574,2.1440
151,18305.518591,1,1064.52,599.41,63.28,62.94,0.9274,2.0243,2.3364,37.3497,0.8263,2,0.2552,0.0486,2.1840
152,18305.536663,1,1065.45,595.91,66.28,65.30,0.9339,1.9330,2.2045,39.5845,0.8958,2,0.2432,0.0360,2.0587
153,18305.552359,1,1062.67,592.55,65.03,64.97,0.9372,1.9693,2.2897,38.1106,0.4951,2,0.2434,0.0273,2.1295
154,18305.568267,1,1061.88,587.59,65.75,63.69,0.9289,1.9475,2.2577,38.6512,0.7248,2,0.2379,0.0127,2.1011
155,18305.583867,1,1062.48,582.65,67.03,63.39,0.9349,1.9104,2.1708,40.1990,0.7894,2,0.2303,-0.0016,2.0197
156,18305.600620,1,1060.94,578.53,67.25,63.06,0.9334,1.9038,2.1874,39.8942,0.6045,2,0.2263,-0.0130,2.0216
157,18305.617568,1,1059.93,572.24,69.36,61.30,0.9305,1.8456,2.1536,40.5195,0.9664,2,0.2191,-0.0299,1.9823
158,18305.633500,1,1057.66,567.39,67.42,63.78,0.9263,1.8980,2.2060,39.5577,0.9298,2,0.2182,-0.0442,2.0313
159,18305.650513,1,1057.26,560.33,68.30,66.84,0.9279,1.8736,2.2113,39.4615,0.8395,2,0.2168,-0.0639,2.0286
160,18305.667344,1,1056.66,553.96,68.00,63.65,0.9241,1.8816,2.2870,38.1555,0.9529,2,0.2209,-0.0838,2.0834
161,18305.682847,1,1054.80,548.38,71.09,64.50,0.9363,1.7992,2.1613,40.3746,0.7429,2,0.2045,-0.0947,1.9760
162,18305.701451,1,1053.60,540.07,67.80,64.14,0.9274,1.8864,2.2462,38.8489,0.9330,2,0.2094,-0.1220,2.0567
163,18305.716985,1,1050.66,532.18,66.98,63.20,0.9329,1.9085,2.3291,37.4669,0.8566,2,0.2074,-0.1489,2.1211
164,18305.733229,1,1049.45,525.11,67.53,64.66,0.9368,1.8928,2.3315,37.4283,0.8809,2,0.2039,-0.1695,2.1210
165,18305.750587,1,1048.17,517.21,66.78,67.08,0.9334,1.9137,2.3730,36.7739,0.8049,2,0.2036,-0.1958,2.1573
166,18305.770834,1,1047.31,508.97,68.25,65.81,0.9408,1.8723,2.3094,37.7855,0.7104,2,0.1961,-0.2149,2.1041
167,18305.784457,1,1046.38,502.04,68.67,67.23,0.9368,1.8606,2.2813,38.2506,0.5541,2,0.1913,-0.2324,2.0812
168,18305.800689,1,1045.10,495.01,67.73,66.55,0.9368,1.8861,2.2792,38.2862,0.6072,2,0.1880,-0.2530,2.0856
169,18305.817155,1,1045.19,488.74,69.31,68.21,0.9339,1.8431,2.2500,38.7837,0.5032,2,0.1854,-0.2669,2.0542
170,18305.833488,1,1044.14,482.79,69.22,69.95,0.9372,1.8454,2.2309,39.1153,0.4803,2,0.1812,-0.2818,2.0404
171,18305.850424,1,1043.77,475.47,68.11,68.69,0.9315,1.8754,2.2732,38.3878,0.4211,2,0.1834,-0.3078,2.0770
172,18305.865662,1,1042.88,468.59,69.58,67.31,0.9305,1.8356,2.2175,39.3527,0.6215,2,0.1766,-0.3196,2.0275
173,18305.884191,1,1042.92,462.09,68.84,67.55,0.9284,1.8552,2.2637,38.5490,0.6630,2,0.1799,-0.3439,2.0642
174,18305.900230,1,1042.84,456.45,68.44,67.77,0.9289,1.8662,2.2501,38.7823,0.4744,2,0.1790,-0.3587,2.0571
175,18305.917277,1,1043.31,451.87,68.56,66.86,0.9225,1.8629,2.2130,39.4325,0.6313,2,0.1780,-0.3667,2.0299
176,18305.935067,1,1044.73,445.16,67.83,63.75,0.8955,1.8834,2.2319,39.0980,0.6650,2,0.1835,-0.3888,2.0478
177,18305.951973,1,1044.70,441.41,68.47,67.20,0.9289,1.8657,2.2389,38.9750,0.4512,2,0.1835,-0.3994,2.0480
178,18305.967779,1,1045.56,436.52,67.81,66.47,0.9236,1.8840,2.2178,39.3473,0.5908,2,0.1850,-0.4111,2.0377
179,18305.984282,1,1045.60,434.95,68.08,66.27,0.9155,1.8766,2.2393,38.9686,0.5352,2,0.1862,-0.4182,2.0506
180,18306.000376,1,1046.66,432.80,67.69,67.09,0.8970,1.8877,2.2316,39.1030,0.4799,2,0.1890,-0.4237,2.0481
181,18306.018887,1,1047.34,431.59,67.48,64.92,0.9274,1.8936,2.2612,38.5911,0.6652,2,0.1930,-0.4317,2.0702
182,18306.033195,1,1048.42,431.75,67.09,66.38,0.9073,1.9049,2.3876,36.5477,0.6798,2,0.2048,-0.4504,2.1621
183,18306.050413,1,1049.03,432.72,67.69,67.69,0.9263,1.8883,2.2412,38.9354,0.5476,2,0.1965,-0.4258,2.0569
184,18306.067634,1,1049.91,434.39,68.06,67.66,0.9349,1.8781,2.2760,38.3406,0.6021,2,0.2011,-0.4255,2.0787
185,18306.079900,1,1050.41,437.16,68.75,66.77,0.9325,1.8595,2.2502,38.7796,0.6770,2,0.2003,-0.4130,2.0559
186,18306.100919,1,1051.01,439.93,68.91,68.14,0.9368,1.8552,2.2120,39.4495,0.3299,2,0.1993,-0.3996,2.0277
187,18306.118281,1,1050.79,443.96,69.23,68.11,0.9299,1.8465,2.2460,38.8530,0.2980,2,0.2007,-0.3924,2.0488
188,18306.133020,1,1051.91,449.63,69.08,68.64,0.9315,1.8510,2.2533,38.7260,0.1979,2,0.2045,-0.3775,2.0549
189,18306.151885,1,1052.78,454.38,69.06,69.73,0.9329,1.8516,2.1962,39.7332,0.3049,2,0.2029,-0.3570,2.0148
190,18306.169061,1,1053.64,461.46,69.28,69.17,0.9305,1.8460,2.2405,38.9473,0.1101,2,0.2082,-0.3423,2.0438
191,18306.186456,1,1054.64,468.37,69.78,69.23,0.9358,1.8330,2.2001,39.6630,0.1862,2,0.2078,-0.3178,2.0121
192,18306.203578,1,1054.73,476.79,69.97,69.59,0.9363,1.8281,2.2776,38.3143,0.3301,2,0.2134,-0.3021,2.0642
193,18306.219454,1,1055.67,485.30,70.22,69.84,0.9386,1.8219,2.2809,38.2573,0.3828,2,0.2162,-0.2782,2.0655
194,18306.235293,1,1056.31,495.27,69.69,67.97,0.9372,1.8359,2.2545,38.7057,0.4160,2,0.2165,-0.2481,2.0512
195,18306.251814,1,1057.06,505.84,68.56,66.62,0.9320,1.8663,2.2890,38.1232,0.4487,2,0.2220,-0.2217,2.0832
196,18306.266879,1,1056.74,517.96,65.77,67.45,0.9344,1.9455,2.3575,37.0156,0.5608,2,0.2285,-0.1932,2.1522
197,18306.282921,1,1058.88,530.81,69.30,65.06,0.9353,1.8470,2.2337,39.0671,0.5371,2,0.2227,-0.1472,2.0417
198,18306.301426,1,1058.58,543.91,67.66,65.23,0.9305,1.8917,2.2907,38.0950,0.2487,2,0.2274,-0.1131,2.0928
199,18306.316630,1,1060.32,558.62,68.55,68.20,0.9358,1.8676,2.2420,38.9219,0.6007,2,0.2280,-0.0694,2.0527
200,18306.333820,1,1059.20,575.83,67.17,67.66,0.9310,1.9055,2.0099,43.4156,0.9881,2,0.2079,-0.0193,1.8980
201,18306.351938,1,1061.51,590.67,67.86,68.78,0.9320,1.8868,2.1722,40.1727,0.6730,2,0.2261,0.0206,2.0064
202,18306.368926,1,1061.87,606.62,66.30,70.81,0.9358,1.9314,2.1273,41.0196,0.3121,2,0.2246,0.0639,1.9837
203,18306.385846,1,1061.84,623.45,66.38,67.91,0.9358,1.9291,2.2730,38.3914,0.4242,2,0.2358,0.1153,2.0834
204,18306.401813,1,1062.89,639.69,66.78,65.50,0.9305,1.9177,2.2701,38.4402,0.4787,2,0.2383,0.1615,2.0794
205,18306.417508,1,1064.81,662.39,68.12,69.84,0.9353,1.8805,2.2598,38.6145,0.4236,2,0.2419,0.2247,2.0634
206,18306.433520,1,1066.09,682.91,68.13,69.62,0.9368,1.8806,2.3158,37.6810,0.4972,2,0.2503,0.2884,2.1030
207,18306.452071,1,1068.02,703.68,68.67,71.30,0.9344,1.8665,2.3265,37.5087,0.8580,2,0.2565,0.3493,2.1081
208,18306.467883,1,1068.30,726.91,68.34,68.58,0.9284,1.8755,2.2512,38.7637,0.1799,2,0.2512,0.4068,2.0582
209,18306.483816,1,1068.91,749.75,68.17,70.69,0.9305,1.8804,2.1821,39.9904,0.6829,2,0.2471,0.4605,2.0106
210,18306.500866,1,1070.79,775.22,70.61,71.31,0.9339,1.8161,2.2108,39.4720,0.5901,2,0.2527,0.5318,2.0139
211,18306.517250,1,1070.54,797.05,68.42,71.02,0.9279,1.8741,2.3369,37.3414,0.0820,0,0.2345,0.5512,1.8741
212,18306.533318,1,1072.24,822.96,68.52,71.73,0.9299,1.8720,2.3690,36.8352,0.4359,2,0.2725,0.7049,2.1377
213,18306.550864,1,1072.64,838.64,70.97,73.59,0.9334,1.8075,2.1664,40.2794,0.5582,2,0.2536,0.6960,1.9812
214,18306.568134,1,1072.18,816.28,68.61,70.44,0.9329,1.8695,2.3145,37.7029,0.5423,2,0.2674,0.6730,2.0993
215,18306.582871,1,1071.80,796.03,68.66,70.32,0.9289,1.8681,2.3050,37.8585,0.2615,2,0.2654,0.6124,2.0922
216,18306.601454,1,1072.13,779.81,71.17,72.50,0.9334,1.8021,2.2546,38.7052,0.5661,2,0.2597,0.5516,2.0399
217,18306.616795,1,1071.92,760.78,69.59,70.25,0.9325,1.8429,2.1207,41.1488,0.4358,2,0.2486,0.4779,1.9567
218,18306.633514,1,1071.19,741.58,68.12,68.47,0.9329,1.8824,2.1643,40.3187,0.4476,2,0.2509,0.4337,1.9912
219,18306.650782,1,1071.56,728.52,69.44,66.84,0.9279,1.8470,2.2416,38.9287,0.3266,2,0.2576,0.4068,2.0358
220,18306.666693,1,1070.75,710.76,68.12,71.33,0.9320,1.8823,2.3396,37.2982,0.4925,2,0.2650,0.3707,2.1130
221,18306.684116,1,1071.12,696.92,69.94,70.41,0.9353,1.8336,2.2803,38.2673,0.6170,2,0.2593,0.3220,2.0591
222,18306.701785,1,1070.12,684.15,67.89,69.08,0.9325,1.8886,2.3777,36.7001,0.4694,2,0.2666,0.2972,2.1408
223,18306.716885,1,1070.88,671.94,69.36,69.75,0.9363,1.8488,2.3272,37.4976,0.2667,2,0.2632,0.2557,2.0953
224,18306.732918,1,1070.81,659.91,69.50,68.69,0.9404,1.8451,2.2572,38.6604,0.4101,2,0.2567,0.2158,2.0456
225,18306.750803,1,1070.62,646.94,69.12,63.06,0.9294,1.8550,2.2151,39.3949,0.6898,2,0.2528,0.1769,2.0188
226,18306.766011,1,1070.27,636.76,69.22,64.42,0.9274,1.8524,2.2835,38.2148,0.6272,2,0.2577,0.1521,2.0655
227,18306.783877,1,1069.30,628.07,65.95,65.05,0.9358,1.9438,2.3887,36.5311,0.2473,2,0.2669,0.1334,2.1621
228,18306.801186,1,1070.37,619.55,67.52,64.95,0.9320,1.8992,2.3182,37.6433,0.1658,2,0.2624,0.1050,2.1014
229,18306.817096,1,1069.34,613.80,67.39,67.58,0.9334,1.9024,2.2814,38.2501,0.3125,2,0.2564,0.0874,2.0766
230,18306.832189,1,1069.59,607.16,68.81,66.98,0.9349,1.8631,2.1805,40.0200,0.5268,2,0.2472,0.0658,1.9965
231,18306.850471,1,1069.39,601.62,69.02,66.38,0.9339,1.8574,2.1826,39.9808,0.5655,2,0.2466,0.0506,1.9963
232,18306.865044,1,1069.53,597.78,69.38,68.62,0.9363,1.8480,2.0612,42.3356,0.7895,2,0.2359,0.0382,1.9067
233,18306.883691,1,1070.26,594.45,70.11,68.36,0.9399,1.8289,2.0564,42.4338,0.7543,2,0.2363,0.0293,1.8947
234,18306.899580,1,1069.48,592.19,69.41,67.56,0.9344,1.8472,2.1011,41.5328,0.6678,2,0.2382,0.0238,1.9257
235,18306.916826,1,1069.73,589.12,69.42,66.48,0.9329,1.8468,2.1555,40.4841,0.5673,2,0.2434,0.0159,1.9626
236,18306.934427,1,1069.96,586.63,70.52,64.98,0.9325,1.8182,2.1307,40.9556,0.5458,2,0.2409,0.0091,1.9380
237,18306.952799,1,1069.93,586.99,70.52,65.83,0.9325,1.8182,2.1259,41.0480,0.4250,2,0.2404,0.0101,1.9346
238,18306.968546,1,1069.98,588.27,70.61,68.45,0.9349,1.8158,2.1312,40.9452,0.5533,2,0.2409,0.0135,1.9374
239,18306.987187,1,1069.16,587.62,70.30,66.58,0.9339,1.8237,2.1340,40.8911,0.5656,2,0.2392,0.0118,1.9413
240,18307.004207,1,1067.30,586.01,69.27,64.17,0.9329,1.8500,2.1828,39.9784,0.5058,2,0.2391,0.0076,1.9813
241,18307.020100,1,1065.66,583.73,69.17,65.78,0.9363,1.8523,2.2057,39.5625,0.5238,2,0.2365,0.0014,1.9973
242,18307.035903,1,1065.52,581.48,70.28,66.34,0.9349,1.8230,2.1516,40.5568,0.5094,2,0.2308,-0.0046,1.9526
243,18307.051779,1,1064.02,577.23,69.84,64.16,0.9344,1.8340,2.1559,40.4764,0.7069,2,0.2275,-0.0161,1.9583
244,18307.067448,1,1063.50,574.67,71.50,66.91,0.9299,1.7913,2.1513,40.5634,0.7944,2,0.2243,-0.0228,1.9433
245,18307.083202,1,1063.19,568.70,72.06,64.91,0.9315,1.7773,2.1254,41.0569,0.7682,2,0.2210,-0.0384,1.9218
246,18307.099996,1,1061.79,564.08,70.58,68.78,0.9339,1.8142,2.1104,41.3492,0.8107,2,0.2173,-0.0506,1.9217
247,18307.117166,1,1060.66,560.16,71.06,70.00,0.9353,1.8016,2.1557,40.4802,0.7600,2,0.2173,-0.0618,1.9484
248,18307.133604,1,1061.08,554.74,68.59,66.52,0.9299,1.8665,2.1648,40.3107,0.7604,2,0.2211,-0.0772,1.9724
249,18307.150461,1,1059.65,547.37,68.20,64.20,0.9305,1.8768,2.2042,39.5898,0.5764,2,0.2205,-0.0987,2.0015
250,18307.169442,1,1057.29,543.19,71.58,67.25,0.9353,1.7877,2.1376,40.8220,0.8101,2,0.2069,-0.1065,1.9350
251,18307.187727,1,1056.69,536.44,71.50,65.12,0.9325,1.7895,2.1680,40.2513,0.7829,2,0.2073,-0.1257,1.9543
252,18307.204898,1,1054.91,529.30,69.67,66.91,0.9349,1.8360,2.2202,39.3046,0.7998,2,0.2075,-0.1485,2.0019
253,18307.222424,1,1053.34,523.40,70.89,68.52,0.9372,1.8040,2.1452,40.6786,0.6932,2,0.1972,-0.1599,1.9434
254,18307.239233,1,1051.46,516.70,70.58,70.28,0.9372,1.8115,2.2111,39.4652,0.6226,2,0.1967,-0.1820,1.9894
255,18307.255003,1,1050.28,507.01,70.25,66.02,0.9329,1.8197,2.2117,39.4556,0.3391,2,0.1938,-0.2089,1.9927
256,18307.270658,1,1049.05,501.97,70.47,68.00,0.9344,1.8138,2.1930,39.7919,0.5085,2,0.1891,-0.2211,1.9789
257,18307.286468,1,1048.03,495.19,70.94,67.50,0.9334,1.8016,2.2036,39.6010,0.4787,2,0.1867,-0.2401,1.9829
258,18307.302473,1,1046.95,489.12,70.67,70.20,0.9349,1.8081,2.1691,40.2305,0.6376,2,0.1818,-0.2538,1.9613
259,18307.318321,1,1045.84,485.30,70.94,72.66,0.9325,1.8011,2.1807,40.0166,0.4269,2,0.1793,-0.2649,1.9670
260,18307.334223,1,1044.95,477.97,70.22,71.12,0.9417,1.8193,2.1952,39.7508,0.3723,2,0.1782,-0.2869,1.9817
261,18307.350026,1,1042.72,471.70,70.69,72.28,0.9368,1.8067,2.2449,38.8716,0.4551,2,0.1748,-0.3086,2.0122
262,18307.367557,1,1041.62,465.59,71.36,70.31,0.9368,1.7895,2.1597,40.4044,0.6822,2,0.1665,-0.3155,1.9503
263,18307.384390,1,1041.11,460.55,69.41,70.03,0.9325,1.8397,2.2615,38.5862,0.4040,2,0.1720,-0.3429,2.0325
264,18307.400534,1,1040.73,455.56,69.41,71.44,0.9349,1.8397,2.2245,39.2283,0.3936,2,0.1690,-0.3526,2.0082
265,18307.416883,1,1039.05,451.22,69.33,70.25,0.9381,1.8414,2.2330,39.0782,0.4984,2,0.1649,-0.3658,2.0148
266,18307.433798,1,1038.27,445.09,69.95,67.75,0.9320,1.8248,2.1859,39.9205,0.5996,2,0.1598,-0.3759,1.9785
267,18307.448368,1,1037.16,441.44,69.80,70.25,0.9353,1.8284,2.2253,39.2147,0.6806,2,0.1589,-0.3912,2.0061
268,18307.465508,1,1036.61,437.80,70.16,68.97,0.9353,1.8192,2.2505,38.7752,0.7427,2,0.1586,-0.4042,2.0212
269,18307.483292,1,1036.68,434.52,68.27,70.22,0.9329,1.8696,2.2712,38.4211,0.6755,2,0.1610,-0.4191,2.0490
270,18307.500683,1,1036.41,429.82,67.89,67.14,0.9310,1.8798,2.2922,38.0703,0.4558,2,0.1616,-0.4361,2.0668
271,18307.516084,1,1035.36,425.37,68.47,67.13,0.9305,1.8638,2.1928,39.7955,0.4498,2,0.1531,-0.4330,1.9947
272,18307.533357,1,1035.80,422.04,68.41,66.92,0.9372,1.8655,2.2126,39.4386,0.4058,2,0.1553,-0.4452,2.0085
273,18307.550712,1,1036.40,418.94,67.36,67.00,0.9344,1.8947,2.2351,39.0425,0.4482,2,0.1588,-0.4590,2.0312
274,18307.565683,1,1035.54,415.58,68.08,65.91,0.9325,1.8745,2.2535,38.7239,0.6883,2,0.1570,-0.4701,2.0388
275,18307.583978,1,1035.28,413.70,67.26,65.52,0.9310,1.8973,2.2836,38.2136,0.6484,2,0.1583,-0.4816,2.0657
276,18307.601432,1,1035.21,411.41,67.83,66.50,0.9305,1.8813,2.2379,38.9924,0.5671,2,0.1554,-0.4798,2.0305
277,18307.616309,1,1035.23,410.12,68.09,66.89,0.9325,1.8740,2.2324,39.0886,0.6371,2,0.1550,-0.4820,2.0247
278,18307.632557,1,1035.35,408.50,67.55,67.49,0.9329,1.8892,2.2462,38.8495,0.5673,2,0.1564,-0.4897,2.0379
279,18307.650995,1,1035.79,408.23,66.92,68.04,0.9329,1.9069,2.2853,38.1851,0.5393,2,0.1600,-0.4981,2.0694
280,18307.668213,1,1036.02,407.48,67.28,67.66,0.9325,1.8968,2.2619,38.5795,0.6325,2,0.1593,-0.4957,2.0511
281,18307.684125,1,1036.39,408.09,66.84,66.25,0.9349,1.9093,2.2618,38.5812,0.5457,2,0.1606,-0.4948,2.0542
282,18307.699397,1,1036.94,409.24,67.44,66.14,0.9334,1.8926,2.2672,38.4892,0.5645,2,0.1621,-0.4914,2.0538
283,18307.717247,1,1037.31,411.57,67.06,65.04,0.9320,1.9032,2.2558,38.6843,0.5436,2,0.1627,-0.4836,2.0486
284,18307.732861,1,1037.70,414.45,66.80,65.16,0.9320,1.9109,2.2583,38.6410,0.5107,2,0.1641,-0.4763,2.0522
285,18307.750606,1,1038.28,419.32,68.12,64.93,0.9377,1.8737,2.2717,38.4136,0.6316,2,0.1657,-0.4626,2.0520
286,18307.765362,1,1039.28,424.42,66.94,66.84,0.9310,1.9072,2.2793,38.2841,0.5167,2,0.1697,-0.4512,2.0658
287,18307.783893,1,1038.83,430.48,68.22,65.72,0.9325,1.8713,2.2862,38.1694,0.6672,2,0.1680,-0.4331,2.0616
288,18307.801068,1,1039.14,437.60,69.34,68.17,0.9399,1.8410,2.2569,38.6652,0.6355,2,0.1666,-0.4073,2.0336
289,18307.817001,1,1039.61,445.73,69.41,68.27,0.9339,1.8394,2.1860,39.9196,0.5287,2,0.1638,-0.3751,1.9837
290,18307.832784,1,1040.66,453.04,68.25,69.14,0.9381,1.8708,2.2626,38.5673,0.3540,2,0.1717,-0.3659,2.0437
291,18307.850450,1,1040.59,461.64,68.61,67.98,0.9334,1.8610,2.2723,38.4033,0.3187,2,0.1719,-0.3424,2.0478
292,18307.865671,1,1040.47,470.77,69.94,67.53,0.9329,1.8256,2.2424,38.9153,0.7415,2,0.1691,-0.3121,2.0181
293,18307.883649,1,1041.48,481.95,68.83,67.67,0.9381,1.8553,2.2714,38.4174,0.3399,2,0.1742,-0.2849,2.0454
294,18307.899626,1,1042.06,492.87,68.38,67.52,0.9329,1.8677,2.2424,38.9156,0.5934,2,0.1744,-0.2521,2.0288
295,18307.917030,1,1042.12,504.84,68.56,64.19,0.9325,1.8626,2.2601,38.6103,0.4451,2,0.1755,-0.2198,2.0396
296,18307.934409,1,1042.36,518.98,67.97,66.48,0.9320,1.8789,2.2819,38.2421,0.6982,2,0.1778,-0.1819,2.0589
297,18307.951021,1,1043.11,533.28,67.66,66.19,0.9325,1.8878,2.2402,38.9537,0.7799,2,0.1777,-0.1396,2.0328
298,18307.967126,1,1044.63,549.48,69.58,67.78,0.9305,1.8360,2.1947,39.7615,0.4165,2,0.1779,-0.0922,1.9880
299,18307.986404,1,1043.10,564.06,67.42,68.31,0.9299,1.8943,-1.0000,0.0000,0.0000,0,0.1655,-0.0499,1.8943
300,18308.000891,1,1043.52,580.91,68.02,67.36,0.9377,1.8779,2.2627,38.5660,0.3503,2,0.1799,-0.0065,2.0445
301,18308.018593,1,1045.66,598.91,69.62,73.31,0.9372,1.8350,2.2772,38.3195,0.2706,2,0.1858,0.0441,2.0438
302,18308.039189,1,1046.30,616.23,69.20,71.78,0.9377,1.8463,2.3307,37.4406,0.1942,2,0.1913,0.0946,2.0840
303,18308.055782,1,1046.54,635.59,67.48,71.75,0.9368,1.8934,2.3201,37.6110,0.3322,2,0.1925,0.1506,2.0901
304,18308.071715,1,1047.97,654.19,68.56,66.88,0.9363,1.8639,2.1998,39.6686,0.8996,2,0.1882,0.1952,1.9999
305,18308.087983,1,1048.44,676.32,69.00,70.48,0.9349,1.8522,2.2713,38.4204,0.5283,2,0.1938,0.2620,2.0458
306,18308.103829,1,1048.72,697.09,68.31,70.62,0.9386,1.8709,2.3006,37.9301,0.4173,2,0.1970,0.3244,2.0710
307,18308.122458,1,1049.81,720.81,68.56,69.94,0.9315,1.8644,2.1227,41.1094,0.7232,2,0.1876,0.3675,1.9420
308,18308.144292,1,1051.25,743.48,66.19,68.66,0.9279,1.9317,2.1467,40.6499,0.4491,2,0.1945,0.4349,1.9730
309,18308.160162,1,1050.47,769.49,68.62,70.73,0.9320,1.8629,2.2840,38.2067,0.0926,0,0.1817,0.4773,1.8629
310,18308.179315,1,1052.16,794.29,70.81,71.70,0.9325,1.8057,2.2321,39.0953,0.4348,2,0.1994,0.5797,1.9967
311,18308.195365,1,1052.98,820.06,67.98,70.50,0.9315,1.8810,2.2271,39.1819,0.4222,2,0.2033,0.6559,2.0135
312,18308.211202,1,1053.91,837.14,68.05,70.28,0.9299,1.8796,2.3129,37.7293,0.6177,2,0.2118,0.7235,2.0715
313,18308.227081,1,1052.29,816.54,69.80,71.45,0.9305,1.8320,2.2500,38.7828,0.5628,2,0.2018,0.6474,2.0175
314,18308.242820,1,1051.29,796.46,70.86,70.80,0.9339,1.8043,2.2896,38.1135,0.4218,2,0.2010,0.5975,2.0371
315,18308.258682,1,1050.70,777.84,69.47,71.94,0.9334,1.8403,2.2417,38.9263,0.4689,2,0.1970,0.5391,2.0139
316,18308.274541,1,1049.77,758.07,68.66,69.05,0.9329,1.8618,2.2269,39.1857,0.3373,2,0.1940,0.4832,2.0093
317,18308.290385,1,1049.27,740.38,67.03,69.00,0.9334,1.9068,2.2703,38.4366,0.4530,2,0.1966,0.4433,2.0508
318,18308.306275,1,1048.86,724.63,67.72,68.83,0.9299,1.8874,2.1013,41.5280,0.7538,2,0.1838,0.3750,1.9281
319,18308.322121,1,1048.10,709.72,68.17,67.50,0.9325,1.8747,2.2562,38.6767,0.5207,2,0.1914,0.3533,2.0303
320,18308.337919,1,1047.30,694.05,68.52,69.09,0.9353,1.8651,2.2996,37.9475,0.4970,2,0.1917,0.3136,2.0572
321,18308.353708,1,1046.97,680.31,68.62,69.06,0.9381,1.8620,2.3072,37.8220,0.5392,2,0.1911,0.2753,2.0616
322,18308.369305,1,1045.70,666.77,68.16,69.03,0.9344,1.8745,2.2136,39.4205,0.6934,2,0.1820,0.2300,2.0012
323,18308.385285,1,1044.51,653.62,67.48,65.42,0.9310,1.8929,2.3401,37.2909,0.5749,2,0.1869,0.2026,2.0921
324,18308.401063,1,1043.50,643.32,67.44,67.11,0.9353,1.8940,2.2993,37.9515,0.7823,2,0.1816,0.1707,2.0646
325,18308.416925,1,1042.84,633.45,68.75,70.17,0.9325,1.8577,2.2434,38.8976,0.4136,2,0.1755,0.1393,2.0169
326,18308.432588,1,1042.61,624.27,68.21,70.97,0.9349,1.8722,2.2727,38.3954,0.5277,2,0.1770,0.1152,2.0407
327,18308.450879,1,1041.74,614.91,68.45,69.64,0.9368,1.8655,2.2565,38.6724,0.7232,2,0.1734,0.0884,2.0279
328,18308.465833,1,1041.12,607.18,68.12,68.08,0.9353,1.8744,2.2201,39.3063,0.7333,2,0.1698,0.0661,2.0054
329,18308.483217,1,1039.99,600.40,68.20,68.89,0.9344,1.8720,2.2064,39.5501,0.6366,2,0.1658,0.0472,1.9955
330,18308.500130,1,1039.66,595.19,66.56,69.38,0.9368,1.9180,2.3034,37.8841,0.6372,2,0.1714,0.0341,2.0736
331,18308.515904,1,1038.87,590.23,66.33,68.47,0.9339,1.9246,2.2645,38.5355,0.5333,2,0.1671,0.0198,2.0489
332,18308.532496,1,1037.52,585.62,67.14,66.69,0.9289,1.9011,2.2217,39.2783,0.5525,2,0.1605,0.0067,2.0135
333,18308.549909,1,1036.18,581.38,67.52,64.61,0.9305,1.8902,2.2585,38.6369,0.6419,2,0.1585,-0.0051,2.0358
334,18308.565699,1,1035.72,579.79,67.06,65.98,0.9334,1.9029,2.2533,38.7266,0.6550,2,0.1572,-0.0096,2.0356
335,18308.583257,1,1035.20,577.66,66.91,64.12,0.9377,1.9072,2.2725,38.3992,0.7483,2,0.1569,-0.0157,2.0498
336,18308.599202,1,1034.59,576.48,68.50,62.66,0.9399,1.8628,2.2495,38.7914,0.7046,2,0.1531,-0.0187,2.0224
337,18308.616613,1,1034.71,574.78,68.95,59.97,0.9294,1.8505,2.2433,38.8994,0.7604,2,0.1528,-0.0234,2.0150
338,18308.633893,1,1033.42,575.74,68.28,62.92,0.9363,1.8685,2.2487,38.8054,0.7124,2,0.1499,-0.0208,2.0234
339,18308.649056,1,1031.80,574.94,68.70,66.62,0.9329,1.8567,2.2547,38.7029,0.7443,2,0.1455,-0.0230,2.0244
340,18308.665541,1,1029.77,569.59,69.09,67.44,0.9299,1.8459,2.3009,37.9247,0.9717,2,0.1418,-0.0385,2.0530
341,18308.683550,1,1026.73,563.98,67.30,69.30,0.9325,1.8946,2.3460,37.1957,0.7655,2,0.1360,-0.0555,2.0966
342,18308.699366,1,1026.14,558.09,67.09,68.44,0.9289,1.9003,2.2814,38.2502,0.7508,2,0.1316,-0.0710,2.0541
343,18308.716881,1,1025.29,551.27,67.67,65.39,0.9279,1.8839,2.2555,38.6881,0.7304,2,0.1278,-0.0893,2.0322
344,18308.732368,1,1023.19,543.21,66.00,63.83,0.9263,1.9313,2.3336,37.3936,0.7066,2,0.1259,-0.1154,2.0979
345,18308.749972,1,1022.74,536.76,66.27,64.29,0.9279,1.9235,2.3338,37.3906,0.8340,2,0.1245,-0.1339,2.0960
346,18308.767157,1,1021.12,528.41,66.52,64.49,0.9294,1.9160,2.2799,38.2746,0.9638,2,0.1176,-0.1551,2.0573
347,18308.784160,1,1019.55,519.91,66.77,66.55,0.9325,1.9086,2.2898,38.1087,0.6286,2,0.1134,-0.1796,2.0622
348,18308.798099,1,1017.88,511.11,68.75,66.22,0.9315,1.8533,2.2249,39.2216,0.6691,2,0.1056,-0.1987,2.0034
349,18308.817078,1,1017.17,502.64,68.53,68.59,0.9353,1.8591,2.2148,39.4007,0.6893,2,0.1033,-0.2214,1.9981
350,18308.832800,1,1015.59,494.46,68.56,68.64,0.9349,1.8580,2.2529,38.7334,0.6839,2,0.1003,-0.2471,2.0239
351,18308.850803,1,1014.42,486.57,68.53,69.80,0.9344,1.8587,2.2780,38.3068,0.8056,2,0.0979,-0.2713,2.0412
352,18308.869246,1,1012.34,475.20,69.19,68.89,0.9334,1.8409,2.2692,38.4556,0.6193,2,0.0916,-0.3019,2.0319
353,18308.886363,1,1011.17,466.72,68.59,67.12,0.9305,1.8567,2.3424,37.2536,0.6584,2,0.0907,-0.3342,2.0860
354,18308.902156,1,1010.36,456.63,67.91,69.73,0.9329,1.8754,2.3236,37.5554,0.6524,2,0.0881,-0.3620,2.0792
355,18308.917913,1,1009.78,445.83,67.39,68.72,0.9325,1.8898,2.3385,37.3160,0.6950,2,0.0870,-0.3957,2.0938
356,18308.935888,1,1009.02,436.53,68.33,71.38,0.9381,1.8636,2.3329,37.4054,0.7541,2,0.0844,-0.4205,2.0843
357,18308.956846,1,1008.91,425.37,67.50,69.64,0.9325,1.8865,2.3415,37.2681,0.4968,2,0.0846,-0.4551,2.0962
358,18308.973595,1,1007.99,416.55,67.89,68.97,0.9325,1.8755,2.2935,38.0483,0.4695,2,0.0806,-0.4723,2.0603
359,18308.989436,1,1007.19,407.84,67.38,69.64,0.9329,1.8898,2.3049,37.8594,0.5582,2,0.0787,-0.4996,2.0711
360,18309.005274,1,1006.92,399.49,66.47,68.42,0.9299,1.9156,2.3218,37.5834,0.4639,2,0.0786,-0.5279,2.0890
361,18309.021082,1,1006.88,391.13,66.56,68.80,0.9294,1.9129,2.2816,38.2463,0.4888,2,0.0774,-0.5444,2.0605
362,18309.036851,1,1006.39,383.16,65.16,67.75,0.9274,1.9541,2.3570,37.0226,0.3819,2,0.0783,-0.5841,2.1228
363,18309.052749,1,1006.38,375.92,64.94,66.34,0.9230,1.9607,2.3448,37.2155,0.4775,2,0.0780,-0.6035,2.1166
364,18309.068405,1,1006.64,369.45,65.66,65.59,0.9274,1.9392,2.3286,37.4747,0.4900,2,0.0782,-0.6175,2.1004
365,18309.084368,1,1007.18,365.88,65.95,69.25,0.9294,1.9306,2.2903,38.1005,0.6046,2,0.0787,-0.6193,2.0716
366,18309.100146,1,1007.55,359.97,66.78,68.38,0.9289,1.9067,2.2633,38.5558,0.5814,2,0.0788,-0.6284,2.0466
367,18309.116354,1,1008.51,354.79,66.48,69.33,0.9299,1.9153,2.2549,38.7000,0.5787,2,0.0813,-0.6416,2.0423
368,18309.133694,1,1009.20,350.77,65.29,68.30,0.9325,1.9503,2.2584,38.6391,0.5824,2,0.0837,-0.6564,2.0531
369,18309.149998,1,1009.82,347.50,65.18,68.62,0.9310,1.9538,2.2585,38.6369,0.5859,2,0.0855,-0.6659,2.0539
370,18309.167424,1,1009.74,344.78,66.21,69.69,0.9274,1.9233,2.2734,38.3849,0.5268,2,0.0853,-0.6743,2.0561
371,18309.186633,1,1010.11,343.20,65.72,68.34,0.9268,1.9378,2.2767,38.3289,0.5961,2,0.0866,-0.6807,2.0619
372,18309.203637,1,1010.47,341.41,65.81,68.30,0.9279,1.9350,2.2754,38.3499,0.5739,2,0.0876,-0.6852,2.0604
373,18309.220505,1,1010.71,340.80,66.39,68.66,0.9289,1.9182,2.3309,37.4373,0.4913,2,0.0897,-0.6982,2.0942
374,18309.236321,1,1011.92,341.88,65.41,67.88,0.9320,1.9472,2.2749,38.3589,0.6149,2,0.0918,-0.6849,2.0635
375,18309.251960,1,1012.44,344.18,65.88,67.92,0.9310,1.9334,2.2344,39.0535,0.6890,2,0.0919,-0.6681,2.0321
376,18309.267773,1,1013.14,347.45,67.03,69.22,0.9329,1.9002,2.2315,39.1055,0.7339,2,0.0933,-0.6554,2.0212
377,18309.283563,1,1014.07,351.14,66.14,70.16,0.9344,1.9259,2.2428,38.9088,0.8226,2,0.0966,-0.6496,2.0352
378,18309.300360,1,1013.96,354.22,66.23,68.38,0.9377,1.9231,2.2436,38.8946,0.5727,2,0.0963,-0.6409,2.0349
379,18309.317596,1,1014.66,359.41,66.81,69.50,0.9358,1.9066,2.2460,38.8531,0.5906,2,0.0981,-0.6255,2.0321
380,18309.333486,1,1014.96,364.93,66.70,70.02,0.9358,1.9097,2.2708,38.4283,0.5569,2,0.0998,-0.6154,2.0498
381,18309.350436,1,1015.73,371.43,66.84,69.52,0.9334,1.9058,2.2560,38.6801,0.4801,2,0.1014,-0.5939,2.0389
382,18309.366585,1,1016.65,379.54,66.77,70.21,0.9429,1.9082,2.2882,38.1360,0.7308,2,0.1051,-0.5775,2.0615
383,18309.385185,1,1017.00,387.36,66.19,70.09,0.9315,1.9249,2.2800,38.2736,0.7969,2,0.1061,-0.5551,2.0605
384,18309.401034,1,1017.39,396.30,67.09,69.78,0.9386,1.8989,2.3428,37.2476,0.7739,2,0.1091,-0.5392,2.0973
385,18309.416758,1,1018.42,405.49,66.85,69.20,0.9329,1.9060,2.2964,38.0002,0.6376,2,0.1105,-0.5055,2.0680
386,18309.433394,1,1019.93,416.50,64.70,68.38,0.9289,1.9695,2.2966,37.9962,0.7414,2,0.1157,-0.4780,2.0844
387,18309.451228,1,1020.78,428.68,64.07,67.93,0.9381,1.9891,2.3701,36.8185,0.8364,2,0.1213,-0.4549,2.1405
388,18309.467952,1,1021.16,441.13,65.61,68.45,0.9305,1.9425,2.3601,36.9744,0.6667,2,0.1215,-0.4149,2.1231
389,18309.483267,1,1021.35,455.15,66.98,67.83,0.9315,1.9026,2.4095,36.2163,0.8815,2,0.1235,-0.3785,2.1486
390,18309.501086,1,1022.16,467.49,66.48,66.70,0.9329,1.9170,2.3295,37.4595,0.6721,2,0.1229,-0.3338,2.0970
391,18309.516978,1,1023.64,482.74,66.97,65.14,0.9334,1.9034,2.2351,39.0428,0.6160,2,0.1229,-0.2801,2.0272
392,18309.534247,1,1024.12,499.17,67.27,67.41,0.9353,1.8951,2.2122,39.4465,0.5554,2,0.1231,-0.2322,2.0084
393,18309.551431,1,1023.99,515.38,65.64,67.56,0.9363,1.9420,2.2368,39.0127,0.5870,2,0.1244,-0.1900,2.0364
394,18309.566517,1,1024.79,535.16,65.48,64.31,0.9305,1.9467,2.2871,38.1552,0.7786,2,0.1289,-0.1370,2.0720
395,18309.584565,1,1023.16,549.30,64.48,67.03,0.9310,1.9767,2.3464,37.1900,0.5093,2,0.1272,-0.0989,2.1206
396,18309.599549,1,1024.71,569.73,65.13,67.03,0.9299,1.9572,2.3827,36.6237,0.7427,2,0.1330,-0.0397,2.1415
397,18309.617131,1,1025.99,590.17,67.61,67.97,0.9289,1.8857,2.2556,38.6871,0.6076,2,0.1300,0.0195,2.0362
398,18309.632548,1,1026.36,610.41,68.47,70.12,0.9339,1.8621,2.2675,38.4835,0.5482,2,0.1312,0.0762,2.0379
399,18309.649642,1,1027.38,634.18,68.38,70.95,0.9325,1.8649,2.2413,38.9346,0.5035,2,0.1328,0.1416,2.0197
400,18309.665389,1,1029.68,656.77,67.58,67.83,0.9334,1.8872,2.2587,38.6342,0.3493,2,0.1404,0.2061,2.0367
401,18309.683537,1,1030.17,680.20,67.78,71.84,0.9334,1.8817,2.4084,36.2325,0.2903,2,0.1488,0.2852,2.1376
402,18309.701782,1,1030.72,705.56,68.69,71.50,0.9390,1.8570,2.2632,38.5576,0.5640,2,0.1430,0.3421,2.0328
403,18309.718866,1,1031.80,732.70,68.84,71.09,0.9404,1.8529,2.1960,39.7369,0.6754,2,0.1426,0.4081,1.9849
404,18309.734892,1,1032.25,758.15,68.44,71.80,0.9325,1.8640,2.3256,37.5223,0.6454,2,0.1504,0.4994,2.0755
405,18309.750476,1,1031.39,784.77,66.72,70.66,0.9173,1.9119,2.2156,39.3862,0.6084,2,0.1435,0.5580,2.0130
406,18309.766588,1,1033.05,812.61,69.34,75.78,0.9289,1.8398,2.2479,38.8202,0.1896,2,0.1483,0.6360,2.0159
407,18309.784137,1,1033.21,841.48,69.77,74.08,0.9284,1.8287,2.1031,41.4935,0.8242,2,0.1412,0.6798,1.9138
408,18309.800460,1,1033.72,823.22,68.69,72.94,0.9310,1.8575,2.1516,40.5570,0.5330,2,0.1455,0.6448,1.9534
409,18309.816840,1,1032.12,800.94,66.88,72.81,0.9241,1.9075,2.1833,39.9685,0.5418,2,0.1434,0.5940,1.9837
410,18309.832843,1,1031.80,780.00,66.97,72.56,0.9368,1.9048,2.3981,36.3884,0.4817,2,0.1527,0.5753,2.1256
411,18309.849694,1,1032.38,758.59,68.75,70.98,0.9329,1.8556,2.2256,39.2095,0.6905,2,0.1450,0.4815,1.9963
412,18309.867116,1,1032.42,739.12,69.16,70.69,0.9353,1.8447,2.1765,40.0925,0.7989,2,0.1425,0.4203,1.9601
413,18309.882504,1,1031.77,721.39,67.66,69.34,0.9377,1.8854,2.1903,39.8401,0.7788,2,0.1422,0.3764,1.9803
414,18309.899043,1,1031.34,703.25,66.70,70.44,0.9377,1.9123,2.2946,38.0302,0.3774,2,0.1464,0.3393,2.0554
415,18309.916817,1,1030.72,686.34,67.44,70.50,0.9381,1.8914,2.2728,38.3938,0.4302,2,0.1431,0.2885,2.0340
416,18309.934325,1,1030.59,670.62,66.88,69.94,0.9334,1.9073,2.3312,37.4330,0.2917,2,0.1456,0.2495,2.0749
417,18309.952642,1,1029.89,655.16,67.16,67.88,0.9372,1.8991,2.2283,39.1620,0.7419,2,0.1388,0.1984,2.0055
418,18309.969217,1,1027.67,640.73,65.84,68.20,0.8766,1.9366,2.2441,38.8851,0.4203,2,0.1341,0.1603,2.0264
419,18309.986650,1,1028.28,628.61,69.62,70.47,0.9372,1.8315,2.1404,40.7693,0.5948,2,0.1291,0.1203,1.9267
420,18310.005645,1,1028.99,616.42,68.61,69.28,0.9344,1.8588,2.1529,40.5329,0.6330,2,0.1320,0.0887,1.9422
421,18310.022387,1,1029.05,603.96,68.42,67.48,0.9372,1.8639,2.1769,40.0857,0.7600,2,0.1332,0.0559,1.9573
422,18310.038465,1,1027.05,594.08,67.70,68.59,0.9284,1.8833,2.2168,39.3638,0.6134,2,0.1298,0.0297,1.9866
423,18310.054356,1,1027.55,585.65,68.27,69.14,0.9368,1.8679,2.1829,39.9756,0.5945,2,0.1293,0.0066,1.9595
424,18310.070121,1,1027.77,575.95,67.83,67.73,0.9368,1.8800,2.2425,38.9138,0.8470,2,0.1324,-0.0200,1.9968
425,18310.085957,1,1027.05,568.55,66.52,67.28,0.9305,1.9169,2.2870,38.1554,0.9345,2,0.1329,-0.0410,2.0340
426,18310.101711,1,1026.88,561.14,66.50,67.28,0.8808,1.9174,2.2491,38.7988,0.7646,2,0.1308,-0.0610,2.0107
427,18310.116698,1,1026.88,561.14,66.50,67.28,0.4000,0.0000,-1.0000,-1.0000,0.0000,0,0.0000,0.0000,0.0000
428,18310.137027,1,1025.07,550.80,64.33,69.67,0.6648,1.9818,2.2762,38.3372,0.6388,2,0.1278,-0.0910,2.0418
429,18310.157033,1,1025.07,550.80,64.33,69.67,0.3000,0.0000,-1.0000,-1.0000,0.0000,0,0.0000,0.0000,0.0000
430,18310.174937,1,1025.44,543.08,65.44,70.16,0.6808,1.9482,2.2478,38.8221,0.7537,2,0.1263,-0.1105,2.0024
431,18310.190802,1,1025.04,540.42,65.70,70.09,0.7164,1.9403,2.2881,38.1381,0.7054,2,0.1257,-0.1183,2.0099
432,18310.206633,1,1025.04,538.59,64.52,68.11,0.6847,1.9760,2.2647,38.5322,0.7869,2,0.1260,-0.1237,2.0150
433,18310.222479,1,1025.37,538.07,65.05,68.08,0.6972,1.9599,2.2370,39.0089,0.9339,2,0.1253,-0.1235,1.9897
434,18310.238312,1,1024.43,537.21,65.52,69.73,0.7304,1.9457,2.2811,38.2541,0.6735,2,0.1226,-0.1257,1.9871
435,18310.254132,1,1024.93,539.66,66.02,69.82,0.7226,1.9311,2.2861,38.1711,0.6084,2,0.1228,-0.1179,1.9682
436,18310.269960,1,1024.41,540.39,67.11,71.66,0.7232,1.8995,2.2740,38.3740,0.5973,2,0.1189,-0.1135,1.9278
437,18310.285815,1,1023.55,539.07,66.39,72.77,0.7357,1.9200,2.3570,37.0234,0.4121,2,0.1170,-0.1175,1.9345
438,18310.301449,1,1023.46,538.44,66.73,72.12,0.7338,1.9101,2.3275,37.4929,0.5362,0,0.1153,-0.1176,1.9101
439,18310.317284,1,1022.87,536.89,66.58,72.34,0.7410,1.9144,2.3038,37.8781,0.7076,0,0.1140,-0.1220,1.9144
440,18310.334148,1,1021.85,534.01,66.48,72.73,0.7494,1.9170,2.3067,37.8294,0.5802,0,0.1115,-0.1297,1.9170
441,18310.350217,1,1022.05,532.33,67.72,70.66,0.7512,1.8821,2.3243,37.5441,0.6073,0,0.1100,-0.1317,1.8821
442,18310.367508,1,1021.57,529.78,67.30,70.81,0.7490,1.8938,2.2987,37.9617,0.8145,0,0.1094,-0.1392,1.8938
443,18310.384110,1,1021.24,526.11,67.20,70.16,0.9372,1.8964,2.4214,36.0388,0.4985,0,0.1087,-0.1489,1.8964
444,18310.400514,1,1020.40,522.92,67.58,70.09,0.9339,1.8857,2.3135,37.7191,0.7157,2,0.1151,-0.1699,2.0489
445,18310.416625,1,1020.48,519.93,67.28,70.39,0.9353,1.8941,2.3973,36.4001,0.5876,2,0.1191,-0.1842,2.1162
446,18310.434518,1,1019.84,516.25,66.81,68.81,0.9363,1.9073,2.3888,36.5307,0.4762,2,0.1173,-0.1949,2.1166
447,18310.449133,1,1019.13,512.22,68.48,70.88,0.9334,1.8606,2.3433,37.2393,0.5671,2,0.1129,-0.2026,2.0749
448,18310.466994,1,1017.93,507.62,68.27,70.56,0.9399,1.8664,2.3465,37.1883,0.7310,2,0.1097,-0.2161,2.0783
449,18310.484326,1,1017.38,503.01,68.23,70.48,0.9390,1.8672,2.3119,37.7458,0.5201,2,0.1068,-0.2266,2.0542
450,18310.500170,1,1015.56,497.20,67.94,70.16,0.9349,1.8751,2.2727,38.3956,0.4463,2,0.1004,-0.2399,2.0282
451,18310.518825,1,1014.61,491.34,68.91,69.19,0.9412,1.8486,2.2594,38.6214,0.4834,2,0.0969,-0.2542,2.0114
452,18310.536569,1,1013.06,485.09,69.06,69.44,0.9372,1.8443,2.3346,37.3774,0.5097,2,0.0949,-0.2780,2.0601
453,18310.552258,1,1011.38,479.45,70.58,71.97,0.9363,1.8045,2.2398,38.9597,0.7535,2,0.0869,-0.2834,1.9856
454,18310.570595,1,1009.95,471.09,68.78,69.39,0.9329,1.8515,2.2934,38.0493,0.5616,2,0.0850,-0.3135,2.0326
455,18310.587762,1,1008.41,464.38,69.50,69.62,0.9289,1.8322,2.3319,37.4218,0.3137,2,0.0815,-0.3356,2.0533
456,18310.603392,1,1007.25,456.78,68.88,69.81,0.9274,1.8487,2.2667,38.4980,0.3876,2,0.0767,-0.3503,2.0142
457,18310.619416,1,1005.24,448.09,68.83,73.12,0.9247,1.8497,2.2953,38.0184,0.4201,2,0.0718,-0.3779,2.0333
458,18310.635240,1,1003.80,438.68,68.53,73.08,0.9353,1.8576,2.2811,38.2540,0.1582,2,0.0675,-0.4028,2.0260
459,18310.650845,1,1002.66,431.41,68.80,72.31,0.9294,1.8502,2.3263,37.5117,0.3411,2,0.0653,-0.4289,2.0544
460,18310.666893,1,1000.98,423.15,67.91,73.27,0.9395,1.8745,2.2668,38.4968,0.4849,2,0.0595,-0.4449,2.0211
461,18310.684347,1,999.34,413.93,68.38,71.58,0.9363,1.8615,2.1717,40.1818,0.1521,2,0.0531,-0.4548,1.9534
462,18310.700213,1,998.06,405.93,68.94,72.08,0.9363,1.8463,2.2488,38.8048,0.3335,2,0.0509,-0.4878,2.0003
463,18310.717365,1,996.05,397.26,67.22,71.67,0.9329,1.8933,2.2258,39.2053,0.4727,2,0.0453,-0.5109,1.9974
464,18310.732872,1,995.64,389.01,67.97,70.08,0.9325,1.8724,2.1948,39.7589,0.4278,2,0.0436,-0.5265,1.9710
465,18310.748543,1,994.82,381.91,66.61,72.20,0.9268,1.9107,2.2243,39.2308,0.4017,2,0.0420,-0.5540,2.0008
466,18310.765855,1,993.95,373.59,67.91,69.77,0.9299,1.8741,2.2939,38.0414,0.4894,2,0.0403,-0.5874,2.0373
467,18310.783961,1,994.92,367.98,66.15,70.34,0.9274,1.9238,2.2354,39.0374,0.3982,2,0.0425,-0.5956,2.0121
468,18310.798835,1,992.81,360.77,66.81,70.84,0.9236,1.9047,2.2889,38.1241,0.5375,2,0.0372,-0.6251,2.0431
469,18310.816872,1,994.13,354.91,66.23,70.31,0.9179,1.9214,2.2936,38.0461,0.5214,2,0.0411,-0.6441,2.0513
470,18310.833659,1,994.38,348.49,65.43,68.66,0.9230,1.9449,2.2862,38.1688,0.4409,2,0.0418,-0.6628,2.0530
471,18310.848351,1,993.70,342.31,66.86,67.69,0.9219,1.9034,2.3252,37.5291,0.5113,2,0.0402,-0.6856,2.0691
472,18310.866678,1,994.57,337.32,67.14,68.45,0.9263,1.8955,2.3160,37.6790,0.5563,2,0.0425,-0.6972,2.0616
473,18310.884151,1,995.21,332.16,67.17,68.62,0.9263,1.8946,2.3197,37.6183,0.4328,2,0.0444,-0.7128,2.0643
474,18310.900139,1,995.49,328.66,67.30,67.56,0.9247,1.8911,2.2931,38.0552,0.6119,2,0.0448,-0.7162,2.0455
475,18310.917415,1,996.72,325.23,66.69,69.27,0.9247,1.9085,2.3019,37.9095,0.6094,2,0.0485,-0.7295,2.0559
476,18310.932423,1,997.85,323.46,66.73,70.48,0.9289,1.9072,2.2855,38.1811,0.5533,2,0.0514,-0.7304,2.0444
477,18310.950800,1,999.04,322.73,67.55,69.39,0.9268,1.8843,2.2847,38.1948,0.6045,2,0.0546,-0.7302,2.0381
478,18310.967711,1,1000.03,322.25,67.81,70.69,0.9284,1.8770,2.2746,38.3645,0.6428,2,0.0571,-0.7283,2.0291
479,18310.985958,1,1000.95,322.24,68.22,71.73,0.9294,1.8659,2.2531,38.7305,0.6184,2,0.0592,-0.7219,2.0113
480,18311.001683,1,1001.95,324.09,67.73,70.50,0.9294,1.8793,2.2545,38.7066,0.6886,2,0.0620,-0.7182,2.0151
481,18311.017508,1,1002.70,325.94,67.92,69.38,0.9299,1.8742,2.2309,39.1149,0.6865,2,0.0635,-0.7068,1.9975
482,18311.033363,1,1003.52,327.83,67.41,71.03,0.9284,1.8886,2.2390,38.9736,0.6056,2,0.0661,-0.7047,2.0062
483,18311.049123,1,1004.20,333.45,67.98,69.84,0.9247,1.8726,2.2500,38.7830,0.6348,2,0.0681,-0.6902,2.0092
484,18311.065119,1,1005.00,337.73,68.56,70.14,0.9230,1.8569,2.2321,39.0950,0.6092,2,0.0697,-0.6728,1.9927
485,18311.083287,1,1005.95,342.98,67.55,70.91,0.9299,1.8849,2.2562,38.6765,0.5722,2,0.0731,-0.6661,2.0159
486,18311.099945,1,1006.78,349.65,68.01,70.61,0.9305,1.8722,2.2310,39.1143,0.6471,2,0.0747,-0.6411,1.9956
487,18311.116560,1,1008.02,356.62,68.20,71.23,0.9349,1.8670,2.2104,39.4780,0.7171,2,0.0775,-0.6172,1.9802
488,18311.133345,1,1009.14,364.35,67.21,70.33,0.9310,1.8946,2.2437,38.8932,0.6318,2,0.0818,-0.6049,2.0096
489,18311.152398,1,1009.52,372.87,67.08,68.86,0.9349,1.8984,2.3243,37.5435,0.4429,2,0.0851,-0.5973,2.0646
490,18311.168398,1,1010.26,382.25,66.98,69.19,0.9325,1.9013,2.3523,37.0969,0.5188,2,0.0880,-0.5764,2.0853
491,18311.187668,1,1010.83,392.53,67.66,69.19,0.9315,1.8823,2.2878,38.1427,0.4400,2,0.0876,-0.5345,2.0380
492,18311.204516,1,1012.80,403.06,67.52,68.62,0.9368,1.8865,2.2477,38.8237,0.4337,2,0.0920,-0.4985,2.0120
493,18311.220130,1,1013.75,415.55,67.06,67.91,0.9344,1.8994,2.2876,38.1453,0.4311,2,0.0960,-0.4710,2.0422
494,18311.236163,1,1015.03,427.99,65.44,69.70,0.9358,1.9467,2.4016,36.3346,0.4519,2,0.1040,-0.4552,2.1320
495,18311.252056,1,1015.29,442.45,69.23,68.91,0.9377,1.8400,2.4113,36.1890,0.5862,2,0.1038,-0.4092,2.1135
496,18311.267794,1,1017.91,457.06,65.30,65.93,0.9279,1.9513,2.4038,36.3021,0.4013,2,0.1127,-0.3708,2.1373
497,18311.284342,1,1017.78,470.34,68.25,67.44,0.9339,1.8668,2.3410,37.2756,0.4199,2,0.1090,-0.3220,2.0744
498,18311.299526,1,1019.39,487.38,68.02,68.98,0.9315,1.8733,2.2393,38.9686,0.3209,2,0.1099,-0.2643,2.0054
499,18311.317463,1,1020.12,503.15,67.95,67.32,0.9320,1.8753,2.2241,39.2347,0.3644,2,0.1113,-0.2197,1.9948
500,18311.333548,1,1020.12,520.44,67.50,68.38,0.9325,1.8879,2.3127,37.7328,0.6716,2,0.1148,-0.1777,2.0577
501,18311.351198,1,1020.60,539.58,66.61,66.09,0.9339,1.9132,2.2911,38.0870,0.6092,2,0.1157,-0.1230,2.0494
502,18311.369458,1,1022.06,558.58,66.19,67.72,0.9279,1.9256,2.2446,38.8776,0.6435,2,0.1181,-0.0685,2.0205
503,18311.386597,1,1022.41,578.87,67.23,66.58,0.9377,1.8957,2.3699,36.8217,0.9064,2,0.1236,-0.0125,2.0978
504,18311.402203,1,1023.95,600.42,69.84,70.16,0.9339,1.8251,2.2839,38.2081,0.3526,2,0.1234,0.0479,2.0220
505,18311.418085,1,1024.46,624.66,70.23,71.75,0.9279,1.8150,2.1685,40.2419,0.5923,2,0.1198,0.1106,1.9402
506,18311.434135,1,1024.89,644.68,69.16,70.83,0.9386,1.8434,2.2303,39.1267,0.4223,2,0.1239,0.1681,1.9880
507,18311.450026,1,1027.21,669.41,67.57,70.05,0.9325,1.8869,2.1968,39.7221,0.5750,2,0.1295,0.2343,1.9765
508,18311.467552,1,1029.70,694.04,66.28,69.80,0.9320,1.9242,2.3201,37.6110,0.3808,2,0.1426,0.3153,2.0685
509,18311.484213,1,1031.08,720.28,65.91,67.56,0.9274,1.9354,2.1637,40.3309,0.5470,2,0.1393,0.3706,1.9656
510,18311.500668,1,1030.60,745.68,69.36,69.83,0.9372,1.8389,2.2297,39.1361,0.6490,2,0.1392,0.4432,1.9835
511,18311.517219,1,1029.45,771.99,69.47,69.80,0.9247,1.8358,2.2133,39.4260,0.8149,2,0.1353,0.5119,1.9714
512,18311.532754,1,1031.26,800.50,63.70,71.31,0.9118,2.0024,2.3169,37.6639,0.0987,0,0.1424,0.5984,2.0024
513,18311.548331,1,1033.61,830.12,67.91,73.31,0.9274,1.8789,2.1632,40.3402,0.7081,2,0.1449,0.6620,1.9493
514,18311.566880,1,1033.10,825.41,66.67,71.27,0.9325,1.9135,2.2119,39.4518,0.6203,2,0.1466,0.6632,1.9908
515,18311.584416,1,1031.13,803.03,61.99,71.06,0.9241,2.0576,2.5038,34.8516,0.1087,2,0.1577,0.6724,2.2239
516,18311.600379,1,1032.16,781.81,66.94,71.81,0.9315,1.9058,2.3525,37.0938,0.4985,2,0.1506,0.5685,2.0814
517,18311.618025,1,1033.55,759.48,67.34,68.95,0.9310,1.8945,2.2345,39.0531,0.3887,2,0.1485,0.4849,2.0001
518,18311.632627,1,1033.23,741.39,67.78,67.59,0.9358,1.8822,2.2091,39.5011,0.5228,2,0.1461,0.4307,1.9797
519,18311.649602,1,1033.38,722.59,67.25,67.39,0.9395,1.8971,2.1451,40.6800,0.4730,2,0.1435,0.3718,1.9395
520,18311.667098,1,1031.58,704.14,67.09,68.97,0.9377,1.9012,2.3141,37.7089,0.3749,2,0.1467,0.3410,2.0503
521,18311.684461,1,1031.83,687.19,66.47,69.31,0.9349,1.9191,2.3091,37.7911,0.3700,2,0.1475,0.2934,2.0517
522,18311.700451,1,1031.30,671.23,66.34,68.22,0.9368,1.9227,2.3691,36.8333,0.2277,2,0.1488,0.2531,2.0909
523,18311.717210,1,1031.50,655.78,66.25,67.19,0.9386,1.9254,2.3528,37.0897,0.2465,2,0.1486,0.2077,2.0805
524,18311.732693,1,1031.41,642.21,66.69,67.33,0.9408,1.9128,2.2656,38.5157,0.5268,2,0.1441,0.1639,2.0204
525,18311.750471,1,1030.96,629.30,68.83,67.20,0.9310,1.8532,2.1628,40.3475,0.4169,2,0.1369,0.1228,1.9364
526,18311.767637,1,1030.39,616.43,68.28,65.36,0.9268,1.8679,2.2530,38.7314,0.4632,2,0.1396,0.0913,1.9976
527,18311.785036,1,1031.41,605.48,68.06,67.61,0.9386,1.8741,2.3456,37.2020,0.2202,2,0.1467,0.0630,2.0570
528,18311.800939,1,1032.16,594.66,68.94,65.67,0.9395,1.8505,2.2406,38.9458,0.4698,2,0.1434,0.0312,1.9829
529,18311.817019,1,1031.16,584.82,68.19,62.48,0.9325,1.8706,2.2875,38.1478,0.5735,2,0.1432,0.0045,2.0177
530,18311.832920,1,1031.28,576.80,67.69,64.16,0.9372,1.8845,2.3442,37.2252,0.6253,2,0.1463,-0.0182,2.0563
531,18311.848453,1,1031.24,568.42,65.33,62.66,0.9320,1.9525,2.3632,36.9250,0.4625,2,0.1485,-0.0425,2.0892
532,18311.866281,1,1031.27,561.55,65.53,65.58,0.9381,1.9465,2.2509,38.7675,0.7306,2,0.1435,-0.0601,2.0176
533,18311.883780,1,1030.05,555.82,64.20,64.55,0.9310,1.9865,2.2911,38.0882,0.8929,2,0.1427,-0.0774,2.0548
534,18311.898031,1,1031.60,552.05,65.48,61.97,0.9334,1.9480,2.2479,38.8192,0.8092,2,0.1442,-0.0864,2.0153
535,18311.917042,1,1031.05,547.32,64.73,62.86,0.9399,1.9704,2.2836,38.2130,0.8137,2,0.1447,-0.1009,2.0436
536,18311.932889,1,1030.55,544.09,64.47,62.89,0.9386,1.9784,2.3924,36.4744,0.5737,2,0.1480,-0.1136,2.1100
537,18311.950457,1,1031.10,541.62,64.80,63.33,0.9325,1.9685,2.3743,36.7532,0.6478,2,0.1485,-0.1198,2.0945
538,18311.967575,1,1031.27,539.25,65.33,63.69,0.9299,1.9525,2.3818,36.6378,0.5574,2,0.1488,-0.1265,2.0916
539,18311.983732,1,1030.66,538.24,64.00,62.83,0.9274,1.9929,2.3798,36.6677,0.6283,2,0.1479,-0.1301,2.1041
540,18312.001025,1,1030.57,538.13,64.48,63.98,0.9320,1.9780,2.4052,36.2811,0.6012,2,0.1481,-0.1309,2.1113
541,18312.018302,1,1030.34,538.01,64.39,63.36,0.9289,1.9808,2.4115,36.1860,0.5504,2,0.1476,-0.1315,2.1141
542,18312.034329,1,1029.73,537.47,63.47,63.25,0.9258,2.0095,2.4384,35.7876,0.5761,2,0.1476,-0.1345,2.1385
543,18312.050250,1,1029.67,536.98,63.41,64.09,0.9329,2.0114,2.4139,36.1501,0.6233,2,0.1464,-0.1351,2.1242
544,18312.066177,1,1029.04,535.05,63.23,64.14,0.9310,2.0168,2.4330,35.8669,0.5429,2,0.1453,-0.1414,2.1348
545,18312.083700,1,1028.90,533.63,63.20,64.11,0.9268,2.0177,2.4476,35.6517,0.5671,2,0.1453,-0.1460,2.1407
546,18312.099272,1,1029.06,532.52,63.19,65.08,0.9294,2.0183,2.4778,35.2173,0.7342,2,0.1467,-0.1502,2.1542
547,18312.116385,1,1029.42,531.95,63.66,66.03,0.9334,2.0035,2.4539,35.5606,0.6285,2,0.1462,-0.1504,2.1326
548,18312.133775,1,1029.37,532.12,64.42,67.56,0.9294,1.9797,2.4704,35.3235,0.5862,2,0.1499,-0.1537,2.1878
549,18312.153305,1,1029.78,531.51,64.19,67.42,0.9349,1.9870,2.4724,35.2953,0.5395,2,0.1514,-0.1559,2.1928
550,18312.170710,1,1029.81,530.99,64.38,66.77,0.9390,1.9812,2.4782,35.2122,0.5504,2,0.1518,-0.1578,2.1965
551,18312.187966,1,1029.86,530.41,64.09,65.94,0.9395,1.9899,2.5627,34.0516,0.7379,2,0.1563,-0.1641,2.2591
552,18312.207996,1,1030.03,530.95,64.44,67.53,0.9399,1.9793,2.4647,35.4058,0.6163,2,0.1519,-0.1573,2.1885
553,18312.224201,1,1029.95,529.66,64.03,65.42,0.9390,1.9918,2.4906,35.0363,0.6480,2,0.1532,-0.1628,2.2107
554,18312.239983,1,1029.98,530.05,64.53,66.59,0.9386,1.9764,2.4511,35.6010,0.6993,2,0.1512,-0.1594,2.1799
555,18312.255815,1,1030.12,530.25,64.12,67.38,0.9404,1.9890,2.4939,34.9902,0.7370,2,0.1540,-0.1613,2.2142
556,18312.271614,1,1030.21,530.25,64.42,66.44,0.9372,1.9798,2.4999,34.9063,0.7010,2,0.1545,-0.1615,2.2176
557,18312.287414,1,1030.52,530.66,64.41,67.69,0.9381,1.9804,2.5042,34.8465,0.6941,2,0.1557,-0.1606,2.2217
558,18312.303057,1,1030.48,530.88,64.91,68.00,0.9368,1.9651,2.4932,35.0008,0.6611,2,0.1549,-0.1592,2.2116
559,18312.319086,1,1030.69,530.77,64.94,67.39,0.9377,1.9642,2.5074,34.8019,0.7531,2,0.1563,-0.1603,2.2228
560,18312.334895,1,1031.05,530.81,65.36,66.50,0.9390,1.9516,2.4417,35.7381,0.7007,2,0.1539,-0.1566,2.1732
561,18312.350528,1,1031.39,530.73,64.72,66.61,0.9381,1.9710,2.4791,35.1996,0.7496,2,0.1572,-0.1592,2.2053
562,18312.367203,1,1031.59,530.79,64.19,65.73,0.9395,1.9873,2.4814,35.1672,0.6379,2,0.1582,-0.1594,2.2111
563,18312.386179,1,1032.22,530.64,64.94,65.34,0.9412,1.9645,2.4476,35.6518,0.5542,2,0.1581,-0.1578,2.1828
564,18312.401847,1,1032.48,531.05,65.03,65.78,0.9399,1.9617,2.3524,37.0956,0.5751,2,0.1537,-0.1515,2.1120
565,18312.417640,1,1032.88,530.88,64.98,64.88,0.9395,1.9632,2.4099,36.2095,0.5879,2,0.1581,-0.1552,2.1560
566,18312.433670,1,1033.31,530.91,64.44,64.94,0.9390,1.9799,2.4688,35.3466,0.6400,2,0.1629,-0.1586,2.2039
567,18312.450925,1,1033.44,531.33,63.69,64.72,0.9377,2.0033,2.4684,35.3524,0.6670,2,0.1636,-0.1576,2.2085
568,18312.467799,1,1033.87,531.03,63.83,64.56,0.9372,1.9990,2.4648,35.4043,0.4657,2,0.1647,-0.1583,2.2058
569,18312.484605,1,1034.46,530.94,64.08,64.38,0.9381,1.9913,2.4182,36.0854,0.5499,2,0.1638,-0.1560,2.1699
570,18312.500327,1,1034.84,531.55,64.50,65.70,0.9381,1.9783,2.3782,36.6935,0.5044,2,0.1625,-0.1519,2.1378
571,18312.517227,1,1034.95,530.98,64.55,64.23,0.9386,1.9769,2.3706,36.8111,0.5275,2,0.1624,-0.1532,2.1324
572,18312.534157,1,1034.88,531.20,64.12,64.97,0.9386,1.9899,2.4091,36.2220,0.5637,2,0.1647,-0.1549,2.1646
573,18312.549837,1,1035.07,531.61,65.48,65.09,0.9399,1.9486,2.3727,36.7786,0.5609,2,0.1627,-0.1512,2.1307
574,18312.567395,1,1034.91,530.80,65.61,63.91,0.9395,1.9449,2.3479,37.1670,0.5599,2,0.1608,-0.1522,2.1116
575,18312.584675,1,1034.70,531.15,65.84,64.95,0.9417,1.9379,2.3592,36.9889,0.6881,2,0.1608,-0.1518,2.1199
576,18312.599747,1,1035.06,531.77,65.75,65.52,0.9395,1.9408,2.3410,37.2767,0.7098,2,0.1608,-0.1491,2.1067
577,18312.617975,1,1034.60,530.77,65.42,64.09,0.9412,1.9504,2.3543,37.0654,0.7562,2,0.1604,-0.1529,2.1191
578,18312.635714,1,1034.55,531.30,65.70,64.66,0.9395,1.9420,2.3433,37.2388,0.7755,2,0.1596,-0.1507,2.1099
579,18312.652482,1,1034.52,531.19,65.78,64.31,0.9412,1.9397,2.2820,38.2390,0.9477,2,0.1558,-0.1475,2.0618
580,18312.668328,1,1034.53,530.89,65.31,63.66,0.9408,1.9537,2.3385,37.3154,0.7941,2,0.1594,-0.1518,2.1086
581,18312.684966,1,1034.88,531.05,65.38,64.47,0.9404,1.9519,2.3445,37.2203,0.6215,2,0.1608,-0.1517,2.1136
